NDR 0.33, RR 0.00, RA 0.35, AA 0.31
NDR 0.29, RR 0.00, RA 0.31, AA 0.27
NDR 0.35, RR 0.00, RA 0.41, AA 0.28
NDR 0.51, RR 0.00, RA 0.63, AA 0.33
NDR 0.33, RR 0.00, RA 0.32, AA 0.35
NDR 0.28, RR 0.00, RA 0.21, AA 0.37
NDR 0.43, RR 0.00, RA 0.48, AA 0.38
NDR 0.36, RR 0.00, RA 0.42, AA 0.28
NDR 0.31, RR 0.00, RA 0.25, AA 0.39
NDR 0.30, RR 0.00, RA 0.28, AA 0.34
NDR 0.30, RR 0.00, RA 0.32, AA 0.27
NDR 0.46, RR 0.00, RA 0.56, AA 0.33
NDR 0.48, RR 0.00, RA 0.31, AA 0.74
NDR 0.27, RR 0.00, RA 0.29, AA 0.25
NDR 0.24, RR 0.00, RA 0.22, AA 0.27
NDR 0.81, RR 0.00, RA 1.10, AA 0.39
NDR 0.29, RR 0.00, RA 0.22, AA 0.39
NDR 0.24, RR 0.00, RA 0.12, AA 0.40
NDR 0.43, RR 0.00, RA 0.33, AA 0.57
NDR 0.48, RR 0.00, RA 0.48, AA 0.48
NDR 0.35, RR 0.00, RA 0.38, AA 0.30
NDR 0.38, RR 0.00, RA 0.14, AA 0.75
NDR 0.30, RR 0.00, RA 0.28, AA 0.33
NDR 0.45, RR 0.00, RA 0.55, AA 0.32
NDR 0.55, RR 0.00, RA 0.70, AA 0.33
NDR 1.40, RR 0.00, RA 1.88, AA 0.68
NDR 0.35, RR 0.00, RA 0.33, AA 0.37
NDR 0.30, RR 0.00, RA 0.26, AA 0.35
NDR 0.56, RR 0.00, RA 0.30, AA 0.92
NDR 0.91, RR 0.00, RA 1.32, AA 0.33
NDR 0.20, RR 0.00, RA 0.13, AA 0.29
NDR 0.31, RR 0.00, RA 0.16, AA 0.53
NDR 0.30, RR 0.00, RA 0.33, AA 0.27
NDR 0.29, RR 0.00, RA 0.31, AA 0.26
NDR 0.33, RR 0.00, RA 0.30, AA 0.37
NDR 0.30, RR 0.00, RA 0.18, AA 0.46
NDR 0.64, RR 0.00, RA 0.89, AA 0.35
NDR 0.26, RR 0.00, RA 0.21, AA 0.33
NDR 0.43, RR 0.00, RA 0.31, AA 0.60
NDR 0.44, RR 0.00, RA 0.44, AA 0.43
NDR 0.25, RR 0.00, RA 0.21, AA 0.30
NDR 0.30, RR 0.00, RA 0.30, AA 0.30
NDR 0.35, RR 0.00, RA 0.36, AA 0.33
NDR 0.28, RR 0.00, RA 0.18, AA 0.43
NDR 0.30, RR 0.00, RA 0.16, AA 0.48
NDR 1.70, RR 0.00, RA 1.70, AA 1.70
NDR 0.70, RR 0.00, RA 1.01, AA 0.32
NDR 0.39, RR 0.00, RA 0.43, AA 0.33
NDR 0.24, RR 0.00, RA 0.16, AA 0.36
NDR 0.95, RR 0.00, RA 1.16, AA 0.63
NDR 0.52, RR 0.00, RA 0.20, AA 1.00
NDR 0.30, RR 0.00, RA 0.31, AA 0.29
NDR 0.77, RR 0.00, RA 1.04, AA 0.38
NDR 0.50, RR 0.00, RA 0.52, AA 0.46
NDR 0.43, RR 0.00, RA 0.47, AA 0.37
NDR 0.33, RR 0.00, RA 0.37, AA 0.26
NDR 0.31, RR 0.00, RA 0.33, AA 0.28
NDR 0.27, RR 0.00, RA 0.26, AA 0.28
NDR 0.22, RR 0.00, RA 0.14, AA 0.33
NDR 0.51, RR 0.00, RA 0.35, AA 0.75
NDR 0.20, RR 0.00, RA 0.16, AA 0.26
NDR 1.34, RR 0.00, RA 1.76, AA 0.73
NDR 0.28, RR 0.00, RA 0.25, AA 0.33
NDR 0.43, RR 0.00, RA 0.47, AA 0.37
NDR 0.32, RR 0.00, RA 0.27, AA 0.38
NDR 1.17, RR 0.00, RA 1.59, AA 0.55
NDR 0.22, RR 0.00, RA 0.16, AA 0.31
NDR 0.36, RR 0.00, RA 0.21, AA 0.56
NDR 0.46, RR 0.00, RA 0.56, AA 0.31
NDR 0.34, RR 0.00, RA 0.35, AA 0.31
NDR 0.39, RR 0.00, RA 0.42, AA 0.35
NDR 0.52, RR 0.00, RA 0.67, AA 0.29
NDR 0.32, RR 0.00, RA 0.36, AA 0.27
NDR 2.18, RR 0.00, RA 3.14, AA 0.71
NDR 0.31, RR 0.00, RA 0.29, AA 0.34
NDR 0.35, RR 0.00, RA 0.35, AA 0.34
NDR 1.00, RR 0.00, RA 1.37, AA 0.45
NDR 0.26, RR 0.00, RA 0.26, AA 0.27
NDR 0.26, RR 0.00, RA 0.20, AA 0.34
NDR 0.26, RR 0.00, RA 0.23, AA 0.31
NDR 0.26, RR 0.00, RA 0.18, AA 0.37
NDR 0.35, RR 0.00, RA 0.39, AA 0.30
NDR 1.12, RR 0.00, RA 1.72, AA 0.38
NDR 0.28, RR 0.00, RA 0.28, AA 0.28
NDR 0.26, RR 0.00, RA 0.19, AA 0.36
NDR 0.35, RR 0.00, RA 0.36, AA 0.32
NDR 0.36, RR 0.00, RA 0.25, AA 0.50
NDR 0.73, RR 0.00, RA 0.96, AA 0.39
NDR 0.32, RR 0.00, RA 0.20, AA 0.48
NDR 0.63, RR 0.00, RA 0.76, AA 0.47
NDR 0.31, RR 0.00, RA 0.27, AA 0.36
NDR 0.35, RR 0.00, RA 0.42, AA 0.26
NDR 0.22, RR 0.00, RA 0.17, AA 0.30
NDR 0.24, RR 0.00, RA 0.20, AA 0.30
NDR 0.21, RR 0.00, RA 0.17, AA 0.27
NDR 0.29, RR 0.00, RA 0.29, AA 0.28
NDR 0.52, RR 0.00, RA 0.25, AA 0.90
NDR 0.51, RR 0.00, RA 0.34, AA 0.77
NDR 0.21, RR 0.00, RA 0.16, AA 0.29
NDR 0.48, RR 0.00, RA 0.22, AA 0.90
NDR 0.46, RR 0.00, RA 0.26, AA 0.76
NDR 0.77, RR 0.00, RA 0.98, AA 0.47
NDR 0.44, RR 0.00, RA 0.29, AA 0.66
NDR 0.22, RR 0.00, RA 0.16, AA 0.31
NDR 0.22, RR 0.00, RA 0.16, AA 0.30
NDR 0.21, RR 0.00, RA 0.15, AA 0.29
NDR 0.92, RR 0.00, RA 1.30, AA 0.37
NDR 0.32, RR 0.00, RA 0.35, AA 0.28
NDR 0.30, RR 0.00, RA 0.31, AA 0.27
NDR 0.24, RR 0.00, RA 0.16, AA 0.34
NDR 0.29, RR 0.00, RA 0.31, AA 0.26
NDR 0.33, RR 0.00, RA 0.34, AA 0.32
NDR 0.29, RR 0.00, RA 0.28, AA 0.31
NDR 0.78, RR 0.00, RA 0.80, AA 0.74
NDR 0.26, RR 0.00, RA 0.19, AA 0.35
NDR 1.62, RR 0.00, RA 1.29, AA 2.08
NDR 0.46, RR 0.00, RA 0.56, AA 0.31
NDR 0.25, RR 0.00, RA 0.20, AA 0.33
NDR 0.26, RR 0.00, RA 0.25, AA 0.28
NDR 0.24, RR 0.00, RA 0.16, AA 0.36
NDR 0.29, RR 0.00, RA 0.32, AA 0.25
NDR 0.44, RR 0.00, RA 0.42, AA 0.48
NDR 0.41, RR 0.00, RA 0.20, AA 0.75
NDR 0.65, RR 0.00, RA 0.67, AA 0.62
NDR 0.22, RR 0.00, RA 0.14, AA 0.32
NDR 0.82, RR 0.00, RA 0.73, AA 0.93
NDR 0.24, RR 0.00, RA 0.20, AA 0.30
NDR 0.27, RR 0.00, RA 0.20, AA 0.37
NDR 0.28, RR 0.00, RA 0.28, AA 0.28
NDR 0.33, RR 0.00, RA 0.36, AA 0.28
NDR 0.32, RR 0.00, RA 0.37, AA 0.26
NDR 0.35, RR 0.00, RA 0.38, AA 0.30
NDR 0.34, RR 0.00, RA 0.36, AA 0.30
NDR 0.29, RR 0.00, RA 0.25, AA 0.34
NDR 0.35, RR 0.00, RA 0.42, AA 0.25
NDR 0.25, RR 0.00, RA 0.14, AA 0.40
NDR 0.39, RR 0.00, RA 0.46, AA 0.31
NDR 1.11, RR 0.00, RA 1.38, AA 0.73
NDR 0.22, RR 0.00, RA 0.14, AA 0.32
NDR 1.17, RR 0.00, RA 1.56, AA 0.61
NDR 0.29, RR 0.00, RA 0.26, AA 0.34
NDR 0.21, RR 0.00, RA 0.16, AA 0.27
NDR 0.33, RR 0.00, RA 0.34, AA 0.31
NDR 0.35, RR 0.00, RA 0.36, AA 0.35
NDR 0.24, RR 0.00, RA 0.17, AA 0.34
NDR 0.44, RR 0.00, RA 0.35, AA 0.55
NDR 0.23, RR 0.00, RA 0.22, AA 0.25
NDR 0.24, RR 0.00, RA 0.24, AA 0.24
NDR 0.32, RR 0.00, RA 0.23, AA 0.44
NDR 1.28, RR 0.00, RA 1.85, AA 0.42
NDR 0.89, RR 0.00, RA 0.61, AA 1.29
NDR 0.37, RR 0.00, RA 0.35, AA 0.40
NDR 0.31, RR 0.00, RA 0.34, AA 0.27
NDR 0.49, RR 0.00, RA 0.58, AA 0.38
NDR 0.30, RR 0.00, RA 0.22, AA 0.40
NDR 0.81, RR 0.00, RA 0.61, AA 1.13
NDR 0.43, RR 0.00, RA 0.52, AA 0.31
NDR 0.42, RR 0.00, RA 0.42, AA 0.42
NDR 0.23, RR 0.00, RA 0.21, AA 0.25
NDR 0.36, RR 0.00, RA 0.43, AA 0.26
NDR 0.40, RR 0.00, RA 0.41, AA 0.39
NDR 0.26, RR 0.00, RA 0.17, AA 0.39
NDR 0.25, RR 0.00, RA 0.25, AA 0.24
NDR 0.41, RR 0.00, RA 0.41, AA 0.41
NDR 0.24, RR 0.00, RA 0.21, AA 0.28
NDR 0.33, RR 0.00, RA 0.35, AA 0.31
NDR 0.63, RR 0.00, RA 0.80, AA 0.42
NDR 0.25, RR 0.00, RA 0.23, AA 0.28
NDR 0.32, RR 0.00, RA 0.35, AA 0.27
NDR 0.39, RR 0.00, RA 0.42, AA 0.35
NDR 0.67, RR 0.00, RA 0.52, AA 0.89
NDR 0.35, RR 0.00, RA 0.30, AA 0.42
NDR 0.61, RR 0.00, RA 0.33, AA 1.03
NDR 0.29, RR 0.00, RA 0.30, AA 0.26
NDR 0.31, RR 0.00, RA 0.32, AA 0.30
NDR 0.26, RR 0.00, RA 0.21, AA 0.34
NDR 0.36, RR 0.00, RA 0.42, AA 0.28
NDR 1.32, RR 0.00, RA 0.84, AA 1.98
NDR 0.33, RR 0.00, RA 0.39, AA 0.25
NDR 0.31, RR 0.00, RA 0.34, AA 0.28
NDR 0.28, RR 0.00, RA 0.21, AA 0.37
NDR 0.63, RR 0.00, RA 0.81, AA 0.36
NDR 0.35, RR 0.00, RA 0.43, AA 0.23
NDR 0.23, RR 0.00, RA 0.17, AA 0.32
NDR 0.26, RR 0.00, RA 0.28, AA 0.24
NDR 0.45, RR 0.00, RA 0.45, AA 0.45
NDR 0.49, RR 0.00, RA 0.63, AA 0.29
NDR 0.52, RR 0.00, RA 0.45, AA 0.63
NDR 0.28, RR 0.00, RA 0.29, AA 0.27
NDR 0.30, RR 0.00, RA 0.20, AA 0.44
NDR 0.48, RR 0.00, RA 0.50, AA 0.45
NDR 0.42, RR 0.00, RA 0.38, AA 0.48
NDR 0.84, RR 0.00, RA 0.78, AA 0.93
NDR 0.29, RR 0.00, RA 0.18, AA 0.43
NDR 0.47, RR 0.00, RA 0.26, AA 0.81
NDR 0.37, RR 0.00, RA 0.46, AA 0.25
NDR 0.63, RR 0.00, RA 0.64, AA 0.62
NDR 0.23, RR 0.00, RA 0.21, AA 0.26
NDR 0.28, RR 0.00, RA 0.12, AA 0.50
NDR 0.26, RR 0.00, RA 0.15, AA 0.41
NDR 0.26, RR 0.00, RA 0.22, AA 0.31
NDR 0.29, RR 0.00, RA 0.29, AA 0.28
NDR 0.23, RR 0.00, RA 0.20, AA 0.28
NDR 0.26, RR 0.00, RA 0.14, AA 0.41
NDR 0.27, RR 0.00, RA 0.28, AA 0.25
NDR 0.42, RR 0.00, RA 0.30, AA 0.58
NDR 0.30, RR 0.00, RA 0.28, AA 0.34
NDR 1.09, RR 0.00, RA 0.70, AA 1.66
NDR 0.53, RR 0.00, RA 0.20, AA 1.00
NDR 0.73, RR 0.00, RA 0.91, AA 0.47
NDR 0.53, RR 0.00, RA 0.59, AA 0.44
NDR 0.21, RR 0.00, RA 0.16, AA 0.27
NDR 0.27, RR 0.00, RA 0.26, AA 0.28
NDR 0.39, RR 0.00, RA 0.33, AA 0.46
NDR 1.78, RR 0.00, RA 1.22, AA 2.59
NDR 0.24, RR 0.00, RA 0.21, AA 0.28
NDR 0.95, RR 0.00, RA 1.35, AA 0.39
NDR 0.34, RR 0.00, RA 0.34, AA 0.33
NDR 0.22, RR 0.00, RA 0.12, AA 0.34
NDR 0.43, RR 0.00, RA 0.52, AA 0.30
NDR 0.41, RR 0.00, RA 0.38, AA 0.45
NDR 0.25, RR 0.00, RA 0.20, AA 0.32
NDR 0.49, RR 0.00, RA 0.64, AA 0.28
NDR 0.69, RR 0.00, RA 0.85, AA 0.44
NDR 0.52, RR 0.00, RA 0.65, AA 0.35
NDR 0.24, RR 0.00, RA 0.18, AA 0.32
NDR 0.57, RR 0.00, RA 0.68, AA 0.42
NDR 0.24, RR 0.00, RA 0.18, AA 0.34
NDR 0.28, RR 0.00, RA 0.29, AA 0.26
NDR 0.48, RR 0.00, RA 0.34, AA 0.68
NDR 0.66, RR 0.00, RA 0.59, AA 0.76
NDR 1.11, RR 0.00, RA 1.00, AA 1.27
NDR 0.25, RR 0.00, RA 0.25, AA 0.25
NDR 0.33, RR 0.00, RA 0.36, AA 0.27
NDR 0.44, RR 0.00, RA 0.53, AA 0.30
NDR 0.29, RR 0.00, RA 0.29, AA 0.28
NDR 0.84, RR 0.00, RA 0.92, AA 0.73
NDR 1.17, RR 0.00, RA 1.77, AA 0.41
NDR 0.29, RR 0.00, RA 0.22, AA 0.37
NDR 1.32, RR 0.00, RA 1.19, AA 1.51
NDR 1.08, RR 0.00, RA 1.45, AA 0.53
NDR 0.30, RR 0.00, RA 0.31, AA 0.29
NDR 0.62, RR 0.00, RA 0.78, AA 0.44
NDR 0.33, RR 0.00, RA 0.40, AA 0.24
NDR 0.83, RR 0.00, RA 1.09, AA 0.45
NDR 0.37, RR 0.00, RA 0.43, AA 0.27
NDR 1.08, RR 0.00, RA 0.76, AA 1.52
NDR 0.41, RR 0.00, RA 0.29, AA 0.59
NDR 0.59, RR 0.00, RA 0.65, AA 0.51
NDR 0.47, RR 0.00, RA 0.57, AA 0.32
NDR 0.30, RR 0.00, RA 0.24, AA 0.37
NDR 0.37, RR 0.00, RA 0.39, AA 0.35
NDR 0.27, RR 0.00, RA 0.27, AA 0.26
NDR 0.31, RR 0.00, RA 0.31, AA 0.31
NDR 0.45, RR 0.00, RA 0.49, AA 0.40
NDR 0.35, RR 0.00, RA 0.38, AA 0.31
NDR 0.49, RR 0.00, RA 0.34, AA 0.67
NDR 0.21, RR 0.00, RA 0.13, AA 0.33
NDR 0.36, RR 0.00, RA 0.41, AA 0.29
NDR 0.58, RR 0.00, RA 0.47, AA 0.73
NDR 0.28, RR 0.00, RA 0.25, AA 0.32
NDR 0.27, RR 0.00, RA 0.28, AA 0.25
NDR 0.21, RR 0.00, RA 0.16, AA 0.27
NDR 0.22, RR 0.00, RA 0.13, AA 0.32
NDR 0.61, RR 0.00, RA 0.41, AA 0.92
NDR 0.69, RR 0.00, RA 0.61, AA 0.80
NDR 0.25, RR 0.00, RA 0.15, AA 0.38
NDR 0.61, RR 0.00, RA 0.82, AA 0.31
NDR 0.43, RR 0.00, RA 0.22, AA 0.74
NDR 0.43, RR 0.00, RA 0.40, AA 0.48
NDR 0.32, RR 0.00, RA 0.30, AA 0.33
NDR 0.24, RR 0.00, RA 0.21, AA 0.27
NDR 1.24, RR 0.00, RA 1.27, AA 1.18
NDR 0.24, RR 0.00, RA 0.14, AA 0.37
NDR 0.54, RR 0.00, RA 0.48, AA 0.62
NDR 0.27, RR 0.00, RA 0.18, AA 0.38
NDR 0.42, RR 0.00, RA 0.14, AA 0.79
NDR 0.23, RR 0.00, RA 0.16, AA 0.32
NDR 0.36, RR 0.00, RA 0.37, AA 0.35
NDR 0.31, RR 0.00, RA 0.28, AA 0.35
NDR 0.36, RR 0.00, RA 0.12, AA 0.76
NDR 0.56, RR 0.00, RA 0.61, AA 0.49
NDR 0.29, RR 0.00, RA 0.30, AA 0.29
NDR 0.33, RR 0.00, RA 0.34, AA 0.32
NDR 0.50, RR 0.00, RA 0.42, AA 0.61
NDR 0.28, RR 0.00, RA 0.20, AA 0.38
NDR 0.68, RR 0.00, RA 0.45, AA 0.99
NDR 0.60, RR 0.00, RA 0.68, AA 0.47
NDR 0.33, RR 0.00, RA 0.38, AA 0.27
NDR 0.38, RR 0.00, RA 0.44, AA 0.28
NDR 0.27, RR 0.00, RA 0.18, AA 0.39
NDR 0.57, RR 0.00, RA 0.42, AA 0.79
NDR 0.59, RR 0.00, RA 0.75, AA 0.36
NDR 0.30, RR 0.00, RA 0.30, AA 0.30
NDR 0.26, RR 0.00, RA 0.13, AA 0.43
NDR 0.39, RR 0.00, RA 0.33, AA 0.49
NDR 0.39, RR 0.00, RA 0.36, AA 0.45
NDR 0.84, RR 0.00, RA 1.11, AA 0.45
NDR 0.51, RR 0.00, RA 0.64, AA 0.33
NDR 0.38, RR 0.00, RA 0.25, AA 0.56
NDR 0.34, RR 0.00, RA 0.38, AA 0.28
NDR 0.49, RR 0.00, RA 0.39, AA 0.64
NDR 0.55, RR 0.00, RA 0.29, AA 0.93
NDR 1.20, RR 0.00, RA 0.84, AA 1.70
NDR 0.28, RR 0.00, RA 0.29, AA 0.27
NDR 0.38, RR 0.00, RA 0.40, AA 0.37
NDR 0.22, RR 0.00, RA 0.16, AA 0.31
NDR 0.32, RR 0.00, RA 0.32, AA 0.32
NDR 1.13, RR 0.00, RA 1.35, AA 0.77
NDR 0.48, RR 0.00, RA 0.31, AA 0.75
NDR 0.23, RR 0.00, RA 0.14, AA 0.34
NDR 0.53, RR 0.00, RA 0.59, AA 0.44
NDR 1.39, RR 0.00, RA 2.03, AA 0.45
NDR 1.24, RR 0.00, RA 1.51, AA 0.84
NDR 0.34, RR 0.00, RA 0.36, AA 0.30
NDR 0.30, RR 0.00, RA 0.28, AA 0.32
NDR 0.28, RR 0.00, RA 0.24, AA 0.33
NDR 1.12, RR 0.00, RA 1.67, AA 0.40
NDR 0.28, RR 0.00, RA 0.30, AA 0.27
NDR 1.18, RR 0.00, RA 0.91, AA 1.57
NDR 0.31, RR 0.00, RA 0.33, AA 0.29
NDR 0.25, RR 0.00, RA 0.20, AA 0.32
NDR 0.23, RR 0.00, RA 0.12, AA 0.38
NDR 0.22, RR 0.00, RA 0.13, AA 0.34
NDR 1.22, RR 0.00, RA 1.07, AA 1.44
NDR 0.22, RR 0.00, RA 0.17, AA 0.28
NDR 0.32, RR 0.00, RA 0.35, AA 0.29
NDR 0.46, RR 0.00, RA 0.55, AA 0.33
NDR 0.36, RR 0.00, RA 0.22, AA 0.54
NDR 0.85, RR 0.00, RA 0.94, AA 0.72
NDR 0.53, RR 0.00, RA 0.16, AA 1.12
NDR 0.23, RR 0.00, RA 0.14, AA 0.36
NDR 0.48, RR 0.00, RA 0.58, AA 0.34
NDR 0.44, RR 0.00, RA 0.27, AA 0.71
NDR 0.22, RR 0.00, RA 0.13, AA 0.34
NDR 0.38, RR 0.00, RA 0.42, AA 0.33
NDR 0.28, RR 0.00, RA 0.29, AA 0.26
NDR 0.36, RR 0.00, RA 0.41, AA 0.29
NDR 1.40, RR 0.00, RA 2.11, AA 0.54
NDR 0.73, RR 0.00, RA 0.55, AA 1.01
NDR 0.29, RR 0.00, RA 0.15, AA 0.47
NDR 0.67, RR 0.00, RA 0.66, AA 0.68
NDR 0.34, RR 0.00, RA 0.41, AA 0.25
NDR 0.31, RR 0.00, RA 0.19, AA 0.46
NDR 0.32, RR 0.00, RA 0.35, AA 0.29
NDR 0.28, RR 0.00, RA 0.14, AA 0.47
NDR 0.31, RR 0.00, RA 0.36, AA 0.25
NDR 0.37, RR 0.00, RA 0.44, AA 0.28
NDR 0.27, RR 0.00, RA 0.24, AA 0.30
NDR 0.64, RR 0.00, RA 0.93, AA 0.33
NDR 0.29, RR 0.00, RA 0.23, AA 0.37
NDR 0.32, RR 0.00, RA 0.28, AA 0.37
NDR 0.83, RR 0.00, RA 0.62, AA 1.12
NDR 0.29, RR 0.00, RA 0.18, AA 0.46
NDR 0.23, RR 0.00, RA 0.16, AA 0.32
NDR 0.21, RR 0.00, RA 0.17, AA 0.28
NDR 0.25, RR 0.00, RA 0.23, AA 0.28
NDR 0.30, RR 0.00, RA 0.29, AA 0.30
NDR 0.20, RR 0.00, RA 0.13, AA 0.30
NDR 0.29, RR 0.00, RA 0.26, AA 0.32
NDR 0.45, RR 0.00, RA 0.31, AA 0.66
NDR 1.38, RR 0.00, RA 1.95, AA 0.51
NDR 0.28, RR 0.00, RA 0.23, AA 0.35
NDR 0.30, RR 0.00, RA 0.31, AA 0.30
NDR 0.24, RR 0.00, RA 0.20, AA 0.30
NDR 0.35, RR 0.00, RA 0.37, AA 0.31
NDR 0.51, RR 0.00, RA 0.62, AA 0.36
NDR 1.52, RR 0.00, RA 1.46, AA 1.59
NDR 0.21, RR 0.00, RA 0.14, AA 0.30
NDR 0.77, RR 0.00, RA 1.04, AA 0.37
NDR 0.22, RR 0.00, RA 0.21, AA 0.25
NDR 0.26, RR 0.00, RA 0.17, AA 0.37
NDR 0.21, RR 0.00, RA 0.12, AA 0.35
NDR 0.32, RR 0.00, RA 0.30, AA 0.34
NDR 0.30, RR 0.00, RA 0.28, AA 0.33
NDR 0.26, RR 0.00, RA 0.27, AA 0.24
NDR 1.44, RR 0.00, RA 1.52, AA 1.31
NDR 0.21, RR 0.00, RA 0.12, AA 0.34
NDR 0.45, RR 0.00, RA 0.56, AA 0.31
NDR 0.45, RR 0.00, RA 0.17, AA 0.87
NDR 0.38, RR 0.00, RA 0.36, AA 0.40
NDR 0.47, RR 0.00, RA 0.49, AA 0.45
NDR 0.33, RR 0.00, RA 0.25, AA 0.44
NDR 0.31, RR 0.00, RA 0.18, AA 0.48
NDR 0.20, RR 0.00, RA 0.14, AA 0.30
NDR 0.22, RR 0.00, RA 0.12, AA 0.36
NDR 0.29, RR 0.00, RA 0.23, AA 0.38
NDR 1.46, RR 0.00, RA 1.72, AA 1.06
NDR 0.71, RR 0.00, RA 0.95, AA 0.36
NDR 0.24, RR 0.00, RA 0.23, AA 0.25
NDR 0.39, RR 0.00, RA 0.23, AA 0.67
NDR 0.26, RR 0.00, RA 0.25, AA 0.26
NDR 0.21, RR 0.00, RA 0.18, AA 0.26
NDR 0.24, RR 0.00, RA 0.19, AA 0.30
NDR 0.30, RR 0.00, RA 0.27, AA 0.33
NDR 0.34, RR 0.00, RA 0.37, AA 0.31
NDR 0.99, RR 0.00, RA 1.13, AA 0.80
NDR 0.34, RR 0.00, RA 0.24, AA 0.49
NDR 0.30, RR 0.00, RA 0.28, AA 0.33
NDR 0.21, RR 0.00, RA 0.11, AA 0.34
NDR 0.26, RR 0.00, RA 0.16, AA 0.39
NDR 0.47, RR 0.00, RA 0.36, AA 0.63
NDR 0.37, RR 0.00, RA 0.42, AA 0.32
NDR 0.28, RR 0.00, RA 0.24, AA 0.34
NDR 0.53, RR 0.00, RA 0.69, AA 0.31
NDR 1.34, RR 0.00, RA 1.31, AA 1.38
NDR 0.26, RR 0.00, RA 0.20, AA 0.33
NDR 0.45, RR 0.00, RA 0.19, AA 0.83
NDR 0.36, RR 0.00, RA 0.41, AA 0.28
NDR 0.93, RR 0.00, RA 1.30, AA 0.40
NDR 0.28, RR 0.00, RA 0.23, AA 0.36
NDR 0.35, RR 0.00, RA 0.39, AA 0.29
NDR 0.28, RR 0.00, RA 0.24, AA 0.33
NDR 0.29, RR 0.00, RA 0.28, AA 0.31
NDR 0.31, RR 0.00, RA 0.25, AA 0.40
NDR 0.49, RR 0.00, RA 0.52, AA 0.44
NDR 0.27, RR 0.00, RA 0.28, AA 0.25
NDR 0.55, RR 0.00, RA 0.40, AA 0.76
NDR 0.30, RR 0.00, RA 0.32, AA 0.27
NDR 0.79, RR 0.00, RA 1.10, AA 0.36
NDR 0.58, RR 0.00, RA 0.59, AA 0.56
NDR 0.29, RR 0.00, RA 0.16, AA 0.46
NDR 0.25, RR 0.00, RA 0.25, AA 0.26
NDR 0.32, RR 0.00, RA 0.30, AA 0.35
NDR 0.27, RR 0.00, RA 0.16, AA 0.41
NDR 0.56, RR 0.00, RA 0.62, AA 0.49
NDR 0.35, RR 0.00, RA 0.37, AA 0.32
NDR 0.61, RR 0.00, RA 0.79, AA 0.35
NDR 0.35, RR 0.00, RA 0.21, AA 0.54
NDR 0.67, RR 0.00, RA 0.87, AA 0.39
NDR 0.30, RR 0.00, RA 0.28, AA 0.32
NDR 0.34, RR 0.00, RA 0.38, AA 0.27
NDR 0.40, RR 0.00, RA 0.47, AA 0.31
NDR 0.33, RR 0.00, RA 0.31, AA 0.36
NDR 0.36, RR 0.00, RA 0.42, AA 0.29
NDR 0.30, RR 0.00, RA 0.22, AA 0.42
NDR 0.25, RR 0.00, RA 0.20, AA 0.32
NDR 0.26, RR 0.00, RA 0.24, AA 0.29
NDR 0.31, RR 0.00, RA 0.19, AA 0.47
NDR 0.20, RR 0.00, RA 0.14, AA 0.29
NDR 0.65, RR 0.00, RA 0.87, AA 0.34
NDR 0.41, RR 0.00, RA 0.49, AA 0.30
NDR 0.30, RR 0.00, RA 0.29, AA 0.32
NDR 0.32, RR 0.00, RA 0.31, AA 0.34
NDR 0.41, RR 0.00, RA 0.47, AA 0.34
NDR 0.24, RR 0.00, RA 0.24, AA 0.25
NDR 0.30, RR 0.00, RA 0.32, AA 0.27
NDR 0.20, RR 0.00, RA 0.12, AA 0.30
NDR 0.28, RR 0.00, RA 0.24, AA 0.33
NDR 0.43, RR 0.00, RA 0.35, AA 0.53
NDR 0.51, RR 0.00, RA 0.63, AA 0.34
NDR 0.31, RR 0.00, RA 0.33, AA 0.28
NDR 0.62, RR 0.00, RA 0.47, AA 0.86
NDR 0.48, RR 0.00, RA 0.56, AA 0.35
NDR 0.37, RR 0.00, RA 0.45, AA 0.27
NDR 0.26, RR 0.00, RA 0.25, AA 0.28
NDR 0.79, RR 0.00, RA 0.83, AA 0.73
NDR 0.33, RR 0.00, RA 0.27, AA 0.42
NDR 0.57, RR 0.00, RA 0.24, AA 1.00
NDR 0.42, RR 0.00, RA 0.51, AA 0.28
NDR 0.41, RR 0.00, RA 0.46, AA 0.33
NDR 0.35, RR 0.00, RA 0.30, AA 0.43
NDR 0.30, RR 0.00, RA 0.34, AA 0.26
NDR 0.47, RR 0.00, RA 0.57, AA 0.32
NDR 1.04, RR 0.00, RA 0.86, AA 1.36
NDR 0.33, RR 0.00, RA 0.35, AA 0.31
NDR 0.43, RR 0.00, RA 0.42, AA 0.45
NDR 0.28, RR 0.00, RA 0.29, AA 0.27
NDR 0.30, RR 0.00, RA 0.33, AA 0.25
NDR 1.54, RR 0.00, RA 1.50, AA 1.61
NDR 1.51, RR 0.00, RA 1.28, AA 1.82
NDR 0.88, RR 0.00, RA 1.21, AA 0.42
NDR 0.29, RR 0.00, RA 0.31, AA 0.27
NDR 0.25, RR 0.00, RA 0.22, AA 0.28
NDR 0.97, RR 0.00, RA 1.39, AA 0.35
NDR 0.45, RR 0.00, RA 0.30, AA 0.67
NDR 1.36, RR 0.00, RA 1.88, AA 0.61
NDR 0.30, RR 0.00, RA 0.30, AA 0.30
NDR 0.24, RR 0.00, RA 0.18, AA 0.31
NDR 0.63, RR 0.00, RA 0.86, AA 0.33
NDR 0.46, RR 0.00, RA 0.35, AA 0.63
NDR 0.24, RR 0.00, RA 0.16, AA 0.36
NDR 1.48, RR 0.00, RA 1.73, AA 1.13
NDR 0.33, RR 0.00, RA 0.36, AA 0.30
NDR 1.25, RR 0.00, RA 1.79, AA 0.44
NDR 0.29, RR 0.00, RA 0.14, AA 0.50
NDR 0.21, RR 0.00, RA 0.12, AA 0.33
NDR 1.00, RR 0.00, RA 1.39, AA 0.52
NDR 0.32, RR 0.00, RA 0.20, AA 0.47
NDR 1.40, RR 0.00, RA 1.19, AA 1.73
NDR 0.55, RR 0.00, RA 0.51, AA 0.61
NDR 0.29, RR 0.00, RA 0.30, AA 0.28
NDR 0.93, RR 0.00, RA 1.34, AA 0.33
NDR 0.33, RR 0.00, RA 0.33, AA 0.33
NDR 0.23, RR 0.00, RA 0.11, AA 0.39
NDR 1.44, RR 0.00, RA 1.85, AA 0.84
NDR 0.26, RR 0.00, RA 0.22, AA 0.32
NDR 0.86, RR 0.00, RA 1.24, AA 0.39
NDR 0.26, RR 0.00, RA 0.26, AA 0.26
NDR 1.56, RR 0.00, RA 2.20, AA 0.61
NDR 1.20, RR 0.00, RA 0.83, AA 1.72
NDR 0.57, RR 0.00, RA 0.50, AA 0.67
NDR 0.34, RR 0.00, RA 0.35, AA 0.32
NDR 0.42, RR 0.00, RA 0.17, AA 0.82
NDR 0.50, RR 0.00, RA 0.55, AA 0.44
NDR 0.21, RR 0.00, RA 0.13, AA 0.34
NDR 0.31, RR 0.00, RA 0.36, AA 0.23
NDR 0.24, RR 0.00, RA 0.21, AA 0.28
NDR 0.56, RR 0.00, RA 0.68, AA 0.38
NDR 0.31, RR 0.00, RA 0.13, AA 0.56
NDR 0.29, RR 0.00, RA 0.16, AA 0.46
NDR 0.35, RR 0.00, RA 0.33, AA 0.39
NDR 0.28, RR 0.00, RA 0.17, AA 0.39
NDR 0.43, RR 0.00, RA 0.46, AA 0.39
NDR 1.12, RR 0.00, RA 1.16, AA 1.05
NDR 0.36, RR 0.00, RA 0.40, AA 0.31
NDR 0.23, RR 0.00, RA 0.18, AA 0.29
NDR 0.51, RR 0.00, RA 0.68, AA 0.27
NDR 0.60, RR 0.00, RA 0.76, AA 0.38
NDR 0.60, RR 0.00, RA 0.79, AA 0.33
NDR 0.21, RR 0.00, RA 0.13, AA 0.32
NDR 0.28, RR 0.00, RA 0.23, AA 0.34
NDR 0.25, RR 0.00, RA 0.17, AA 0.36
NDR 0.32, RR 0.00, RA 0.21, AA 0.48
NDR 0.40, RR 0.00, RA 0.42, AA 0.36
NDR 0.24, RR 0.00, RA 0.17, AA 0.33
NDR 0.24, RR 0.00, RA 0.18, AA 0.34
NDR 0.64, RR 0.00, RA 0.52, AA 0.79
NDR 0.59, RR 0.00, RA 0.35, AA 0.96
NDR 0.28, RR 0.00, RA 0.30, AA 0.24
NDR 1.04, RR 0.00, RA 0.92, AA 1.20
NDR 1.08, RR 0.00, RA 1.52, AA 0.47
NDR 0.27, RR 0.00, RA 0.23, AA 0.33
NDR 0.57, RR 0.00, RA 0.54, AA 0.63
NDR 0.23, RR 0.00, RA 0.20, AA 0.26
NDR 0.46, RR 0.00, RA 0.57, AA 0.31
NDR 0.85, RR 0.00, RA 0.57, AA 1.28
NDR 0.28, RR 0.00, RA 0.15, AA 0.46
NDR 0.36, RR 0.00, RA 0.14, AA 0.65
NDR 1.04, RR 0.00, RA 1.33, AA 0.64
NDR 1.27, RR 0.00, RA 1.53, AA 0.85
NDR 0.43, RR 0.00, RA 0.52, AA 0.29
NDR 0.36, RR 0.00, RA 0.26, AA 0.46
NDR 0.26, RR 0.00, RA 0.24, AA 0.27
NDR 0.28, RR 0.00, RA 0.21, AA 0.37
NDR 0.39, RR 0.00, RA 0.47, AA 0.27
NDR 0.25, RR 0.00, RA 0.17, AA 0.37
NDR 0.33, RR 0.00, RA 0.34, AA 0.32
NDR 0.31, RR 0.00, RA 0.35, AA 0.27
NDR 0.51, RR 0.00, RA 0.42, AA 0.63
NDR 0.28, RR 0.00, RA 0.28, AA 0.27
NDR 0.21, RR 0.00, RA 0.13, AA 0.32
NDR 0.27, RR 0.00, RA 0.27, AA 0.27
NDR 0.48, RR 0.00, RA 0.32, AA 0.73
NDR 0.40, RR 0.00, RA 0.26, AA 0.62
NDR 0.39, RR 0.00, RA 0.19, AA 0.66
NDR 1.79, RR 0.00, RA 1.75, AA 1.84
NDR 0.52, RR 0.00, RA 0.48, AA 0.58
NDR 0.33, RR 0.00, RA 0.37, AA 0.29
NDR 0.44, RR 0.00, RA 0.32, AA 0.63
NDR 0.59, RR 0.00, RA 0.59, AA 0.59
NDR 0.47, RR 0.00, RA 0.45, AA 0.49
NDR 0.30, RR 0.00, RA 0.31, AA 0.29
NDR 0.29, RR 0.00, RA 0.30, AA 0.27
NDR 0.20, RR 0.00, RA 0.15, AA 0.26
NDR 0.24, RR 0.00, RA 0.15, AA 0.36
NDR 0.47, RR 0.00, RA 0.39, AA 0.59
NDR 0.25, RR 0.00, RA 0.17, AA 0.37
NDR 0.43, RR 0.00, RA 0.56, AA 0.27
NDR 0.28, RR 0.00, RA 0.28, AA 0.27
NDR 0.52, RR 0.00, RA 0.28, AA 0.87
NDR 0.28, RR 0.00, RA 0.16, AA 0.45
NDR 0.70, RR 0.00, RA 0.85, AA 0.50
NDR 0.55, RR 0.00, RA 0.41, AA 0.78
NDR 0.28, RR 0.00, RA 0.30, AA 0.25
NDR 0.23, RR 0.00, RA 0.18, AA 0.31
NDR 0.58, RR 0.00, RA 0.50, AA 0.72
NDR 0.94, RR 0.00, RA 1.36, AA 0.31
NDR 0.27, RR 0.00, RA 0.22, AA 0.34
NDR 0.29, RR 0.00, RA 0.30, AA 0.28
NDR 0.23, RR 0.00, RA 0.12, AA 0.38
NDR 0.89, RR 0.00, RA 1.32, AA 0.37
NDR 0.29, RR 0.00, RA 0.27, AA 0.32
NDR 0.45, RR 0.00, RA 0.34, AA 0.62
NDR 0.79, RR 0.00, RA 1.00, AA 0.54
NDR 0.35, RR 0.00, RA 0.40, AA 0.29
NDR 1.98, RR 0.00, RA 2.54, AA 1.15
NDR 0.46, RR 0.00, RA 0.59, AA 0.29
NDR 0.31, RR 0.00, RA 0.32, AA 0.30
NDR 0.33, RR 0.00, RA 0.36, AA 0.28
NDR 0.54, RR 0.00, RA 0.35, AA 0.79
NDR 0.48, RR 0.00, RA 0.41, AA 0.59
NDR 0.63, RR 0.00, RA 0.82, AA 0.35
NDR 0.75, RR 0.00, RA 0.32, AA 1.35
NDR 0.21, RR 0.00, RA 0.14, AA 0.32
NDR 0.51, RR 0.00, RA 0.45, AA 0.58
NDR 0.30, RR 0.00, RA 0.33, AA 0.27
NDR 0.31, RR 0.00, RA 0.34, AA 0.27
NDR 0.45, RR 0.00, RA 0.53, AA 0.35
NDR 0.47, RR 0.00, RA 0.26, AA 0.77
NDR 0.27, RR 0.00, RA 0.26, AA 0.28
NDR 0.25, RR 0.00, RA 0.22, AA 0.28
NDR 1.40, RR 0.00, RA 1.52, AA 1.24
NDR 0.33, RR 0.00, RA 0.31, AA 0.35
NDR 0.27, RR 0.00, RA 0.28, AA 0.24
NDR 0.32, RR 0.00, RA 0.21, AA 0.46
NDR 0.36, RR 0.00, RA 0.18, AA 0.59
NDR 0.34, RR 0.00, RA 0.20, AA 0.53
NDR 0.57, RR 0.00, RA 0.74, AA 0.32
NDR 0.43, RR 0.00, RA 0.52, AA 0.33
NDR 0.35, RR 0.00, RA 0.39, AA 0.30
NDR 0.45, RR 0.00, RA 0.57, AA 0.27
NDR 0.40, RR 0.00, RA 0.40, AA 0.40
NDR 0.44, RR 0.00, RA 0.56, AA 0.28
NDR 0.62, RR 0.00, RA 0.82, AA 0.32
NDR 0.33, RR 0.00, RA 0.28, AA 0.39
NDR 0.26, RR 0.00, RA 0.26, AA 0.27
NDR 0.35, RR 0.00, RA 0.38, AA 0.30
NDR 0.47, RR 0.00, RA 0.23, AA 0.83
NDR 0.32, RR 0.00, RA 0.29, AA 0.38
NDR 0.22, RR 0.00, RA 0.12, AA 0.36
NDR 0.80, RR 0.00, RA 1.12, AA 0.34
NDR 0.30, RR 0.00, RA 0.31, AA 0.30
NDR 0.31, RR 0.00, RA 0.29, AA 0.33
NDR 0.29, RR 0.00, RA 0.32, AA 0.26
NDR 0.28, RR 0.00, RA 0.14, AA 0.47
NDR 1.12, RR 0.00, RA 1.09, AA 1.16
NDR 0.25, RR 0.00, RA 0.22, AA 0.28
NDR 0.26, RR 0.00, RA 0.26, AA 0.27
NDR 0.40, RR 0.00, RA 0.15, AA 0.79
NDR 0.61, RR 0.00, RA 0.34, AA 1.02
NDR 0.88, RR 0.00, RA 0.63, AA 1.25
NDR 0.25, RR 0.00, RA 0.20, AA 0.31
NDR 0.35, RR 0.00, RA 0.34, AA 0.37
NDR 0.22, RR 0.00, RA 0.16, AA 0.31
NDR 0.23, RR 0.00, RA 0.11, AA 0.39
NDR 0.28, RR 0.00, RA 0.28, AA 0.27
NDR 0.61, RR 0.00, RA 0.79, AA 0.36
NDR 0.28, RR 0.00, RA 0.23, AA 0.37
NDR 0.86, RR 0.00, RA 0.73, AA 1.07
NDR 0.44, RR 0.00, RA 0.31, AA 0.61
NDR 0.28, RR 0.00, RA 0.23, AA 0.34
NDR 0.57, RR 0.00, RA 0.32, AA 0.93
NDR 0.26, RR 0.00, RA 0.24, AA 0.29
NDR 0.67, RR 0.00, RA 0.38, AA 1.11
NDR 0.86, RR 0.00, RA 1.17, AA 0.42
NDR 0.70, RR 0.00, RA 0.91, AA 0.39
NDR 0.43, RR 0.00, RA 0.53, AA 0.29
NDR 0.58, RR 0.00, RA 0.76, AA 0.32
NDR 0.50, RR 0.00, RA 0.51, AA 0.48
NDR 0.24, RR 0.00, RA 0.18, AA 0.34
NDR 0.35, RR 0.00, RA 0.39, AA 0.30
NDR 0.27, RR 0.00, RA 0.27, AA 0.28
NDR 0.32, RR 0.00, RA 0.34, AA 0.30
NDR 0.37, RR 0.00, RA 0.19, AA 0.62
NDR 0.63, RR 0.00, RA 0.81, AA 0.37
NDR 0.48, RR 0.00, RA 0.57, AA 0.37
NDR 0.26, RR 0.00, RA 0.16, AA 0.40
NDR 0.34, RR 0.00, RA 0.40, AA 0.26
NDR 0.27, RR 0.00, RA 0.24, AA 0.30
NDR 0.37, RR 0.00, RA 0.29, AA 0.49
NDR 0.34, RR 0.00, RA 0.35, AA 0.31
NDR 0.67, RR 0.00, RA 0.46, AA 0.98
NDR 0.28, RR 0.00, RA 0.26, AA 0.30
NDR 0.25, RR 0.00, RA 0.18, AA 0.35
NDR 0.44, RR 0.00, RA 0.53, AA 0.31
NDR 0.45, RR 0.00, RA 0.54, AA 0.33
NDR 0.35, RR 0.00, RA 0.33, AA 0.39
NDR 0.29, RR 0.00, RA 0.31, AA 0.25
NDR 0.55, RR 0.00, RA 0.55, AA 0.55
NDR 0.34, RR 0.00, RA 0.31, AA 0.39
NDR 0.54, RR 0.00, RA 0.62, AA 0.42
NDR 0.78, RR 0.00, RA 1.04, AA 0.39
NDR 0.38, RR 0.00, RA 0.16, AA 0.73
NDR 0.85, RR 0.00, RA 1.09, AA 0.50
NDR 0.39, RR 0.00, RA 0.46, AA 0.31
NDR 0.23, RR 0.00, RA 0.15, AA 0.35
NDR 0.79, RR 0.00, RA 1.11, AA 0.34
NDR 0.39, RR 0.00, RA 0.48, AA 0.26
NDR 0.25, RR 0.00, RA 0.17, AA 0.36
NDR 0.46, RR 0.00, RA 0.58, AA 0.29
NDR 0.93, RR 0.00, RA 1.21, AA 0.55
NDR 0.24, RR 0.00, RA 0.15, AA 0.37
NDR 0.30, RR 0.00, RA 0.15, AA 0.51
NDR 0.63, RR 0.00, RA 0.65, AA 0.61
NDR 1.05, RR 0.00, RA 1.28, AA 0.68
NDR 0.49, RR 0.00, RA 0.58, AA 0.37
NDR 0.24, RR 0.00, RA 0.17, AA 0.33
NDR 0.31, RR 0.00, RA 0.33, AA 0.29
NDR 0.29, RR 0.00, RA 0.28, AA 0.30
NDR 0.37, RR 0.00, RA 0.35, AA 0.40
NDR 0.82, RR 0.00, RA 1.07, AA 0.46
NDR 0.38, RR 0.00, RA 0.40, AA 0.36
NDR 0.54, RR 0.00, RA 0.58, AA 0.49
NDR 0.48, RR 0.00, RA 0.61, AA 0.29
NDR 0.45, RR 0.00, RA 0.26, AA 0.77
NDR 0.37, RR 0.00, RA 0.30, AA 0.47
NDR 0.42, RR 0.00, RA 0.29, AA 0.61
NDR 0.38, RR 0.00, RA 0.42, AA 0.33
NDR 0.46, RR 0.00, RA 0.56, AA 0.33
NDR 0.46, RR 0.00, RA 0.54, AA 0.36
NDR 0.53, RR 0.00, RA 0.63, AA 0.37
NDR 0.36, RR 0.00, RA 0.33, AA 0.39
NDR 0.46, RR 0.00, RA 0.23, AA 0.80
NDR 0.35, RR 0.00, RA 0.30, AA 0.42
NDR 0.33, RR 0.00, RA 0.28, AA 0.41
NDR 0.54, RR 0.00, RA 0.55, AA 0.52
NDR 0.94, RR 0.00, RA 1.25, AA 0.50
NDR 0.42, RR 0.00, RA 0.28, AA 0.65
NDR 0.52, RR 0.00, RA 0.60, AA 0.39
NDR 0.70, RR 0.00, RA 0.93, AA 0.36
NDR 0.47, RR 0.00, RA 0.48, AA 0.45
NDR 0.49, RR 0.00, RA 0.49, AA 0.48
NDR 0.28, RR 0.00, RA 0.22, AA 0.37
NDR 0.34, RR 0.00, RA 0.22, AA 0.50
NDR 0.27, RR 0.00, RA 0.28, AA 0.25
NDR 0.49, RR 0.00, RA 0.21, AA 0.91
NDR 0.47, RR 0.00, RA 0.33, AA 0.68
NDR 0.25, RR 0.00, RA 0.13, AA 0.40
NDR 0.41, RR 0.00, RA 0.14, AA 0.81
NDR 0.29, RR 0.00, RA 0.27, AA 0.33
NDR 0.77, RR 0.00, RA 1.08, AA 0.32
NDR 1.76, RR 0.00, RA 2.53, AA 0.63
NDR 0.25, RR 0.00, RA 0.25, AA 0.26
NDR 0.38, RR 0.00, RA 0.15, AA 0.67
NDR 0.60, RR 0.00, RA 0.55, AA 0.67
NDR 0.82, RR 0.00, RA 0.86, AA 0.76
NDR 0.70, RR 0.00, RA 1.01, AA 0.32
NDR 0.29, RR 0.00, RA 0.22, AA 0.38
NDR 0.40, RR 0.00, RA 0.48, AA 0.29
NDR 0.51, RR 0.00, RA 0.62, AA 0.36
NDR 0.22, RR 0.00, RA 0.13, AA 0.35
NDR 0.22, RR 0.00, RA 0.17, AA 0.29
NDR 0.32, RR 0.00, RA 0.28, AA 0.39
NDR 0.34, RR 0.00, RA 0.37, AA 0.30
NDR 0.28, RR 0.00, RA 0.26, AA 0.31
NDR 0.38, RR 0.00, RA 0.44, AA 0.30
NDR 0.42, RR 0.00, RA 0.53, AA 0.29
NDR 0.73, RR 0.00, RA 0.62, AA 0.89
NDR 1.10, RR 0.00, RA 0.81, AA 1.53
NDR 0.35, RR 0.00, RA 0.22, AA 0.54
NDR 0.29, RR 0.00, RA 0.19, AA 0.43
NDR 0.28, RR 0.00, RA 0.21, AA 0.37
NDR 0.28, RR 0.00, RA 0.29, AA 0.27
NDR 0.28, RR 0.00, RA 0.28, AA 0.29
NDR 1.62, RR 0.00, RA 2.20, AA 0.77
NDR 0.36, RR 0.00, RA 0.18, AA 0.57
NDR 1.20, RR 0.00, RA 1.34, AA 0.98
NDR 0.32, RR 0.00, RA 0.32, AA 0.32
NDR 0.35, RR 0.00, RA 0.41, AA 0.27
NDR 1.71, RR 0.00, RA 2.22, AA 0.86
